Workbook

Sheet LLM Calc
A1: Parameter | B1: Value | C1: Notes | D1: Cost Mgmt Strategy, to be implemented in Solution | G1: Metric | H1: Formula | J1: 1. Text
A2: Users | B2: 50 | C2: ? | D2: "Cache repeat answers in databse" | G2: Total Chats | H2: ='LLM Calc'!B2*'LLM Calc'!B3*'LLM Calc'!B4 -> 10000 | J2: 2. Audio
A3: Chats/User/Day | B3: 10 | C3: ? | D3: "Restrict Chats per day for every user" | G3: Input Tokens/Chat | H3: =B5*B7 -> 32.5 | J3: 3. Video
A4: Days/Month | B4: 20 | C4: ? | D4: N/A | G4: Output Tokens/Chat | H4: =B6*B7 -> 325 | J4: 4. Data
A5: Input Words/Chat | B5: 25 | C5: Typical 10/12 word / Sentence | D5: "Input restricted to max 2 lines" | G5: Total Input Tokens | H5: =H2*H3 -> 325000 | J5: 5. Code
A6: Output Words/Chat | B6: 250 | D6: "Answer in max 10 sentences and refer to the source page/section | G6: Total Output Tokens | H6: =H2*H4 -> 3250000 | J6: 6. Images
A7: Tokens per Word | B7: 1.3 | C7: N/A | G7: Total Tokens (Mn) | H7: =(H6+H5)/10^6 -> 3.575
A8: Exchange Rate (USD→INR) | B8: 91 | C8: N/A
A11: LLM Co | B11: Model | C11: PRICE Input $/1M | D11: PRICE Output $/1M | E11: USAGE Input Tokens (Mn) | F11: USAGE output Tokens (Mn) | G11: USD Cost PM | H11: INR Cost PM | I11: Best Used For | J11: Status
A12: OpenAI | B12: GPT-4o Mini | C12: 0.15 | D12: 0.6 | E12: =$H$5/10^6 -> 0.325 | F12: =$H$6/10^6 -> 3.25 | G12: =(C12*E12)+(D12*F12) -> 1.99875 | H12: =G12*$B$8 -> 181.88625 | I12: Chatbots, SOP, copilots | J12: ✅ Official
A13: OpenAI | B13: GPT-4o | C13: 2.5 | D13: 10 | E13: =$H$5/10^6 -> 0.325 | F13: =$H$6/10^6 -> 3.25 | G13: =(C13*E13)+(D13*F13) -> 33.3125 | H13: =G13*$B$8 -> 3031.4375 | I13: Multimodal apps | J13: ✅ Official
A14: OpenAI | B14: GPT-4.1 Mini | C14: 0.4 | D14: 1.6 | E14: =$H$5/10^6 -> 0.325 | F14: =$H$6/10^6 -> 3.25 | G14: =(C14*E14)+(D14*F14) -> 5.33 | H14: =G14*$B$8 -> 485.03 | I14: Cost-efficient agents | J14: ✅ Official
A15: OpenAI | B15: GPT-4.1 | C15: 2 | D15: 8 | E15: =$H$5/10^6 -> 0.325 | F15: =$H$6/10^6 -> 3.25 | G15: =(C15*E15)+(D15*F15) -> 26.65 | H15: =G15*$B$8 -> 2425.15 | I15: Large context workflows | J15: ✅ Official
A16: OpenAI | B16: GPT-5 Mini | C16: 0.25 | D16: 2 | E16: =$H$5/10^6 -> 0.325 | F16: =$H$6/10^6 -> 3.25 | G16: =(C16*E16)+(D16*F16) -> 6.58125 | H16: =G16*$B$8 -> 598.89375 | I16: Production AI agents | J16: ⚠️ Semi-official range
A17: OpenAI | B17: GPT-5 | C17: 1.75 | D17: 14 | E17: =$H$5/10^6 -> 0.325 | F17: =$H$6/10^6 -> 3.25 | G17: =(C17*E17)+(D17*F17) -> 46.06875 | H17: =G17*$B$8 -> 4192.2563 | I17: Advanced reasoning | J17: ⚠️ Range varies
A18: Anthropic | B18: Claude Haiku 4.x | C18: 1 | D18: 5 | E18: =$H$5/10^6 -> 0.325 | F18: =$H$6/10^6 -> 3.25 | G18: =(C18*E18)+(D18*F18) -> 16.575 | H18: =G18*$B$8 -> 1508.325 | I18: Chatbots, support | J18: ⚠️ Official site ranges
A19: Anthropic | B19: Claude Sonnet 4.x | C19: 3 | D19: 15 | E19: =$H$5/10^6 -> 0.325 | F19: =$H$6/10^6 -> 3.25 | G19: =(C19*E19)+(D19*F19) -> 49.725 | H19: =G19*$B$8 -> 4524.975 | I19: Enterprise workflows | J19: ⚠️ Official ranges
A20: Anthropic | B20: Claude Opus 4.x | C20: 5 | D20: 25 | E20: =$H$5/10^6 -> 0.325 | F20: =$H$6/10^6 -> 3.25 | G20: =(C20*E20)+(D20*F20) -> 82.875 | H20: =G20*$B$8 -> 7541.625 | I20: Critical reasoning | J20: ⚠️ Official ranges
A21: Alibaba | B21: Qwen 2.5 | C21: 0.1 | D21: 0.15 | E21: =$H$5/10^6 -> 0.325 | F21: =$H$6/10^6 -> 3.25 | G21: =(C21*E21)+(D21*F21) -> 0.52 | H21: =G21*$B$8 -> 47.32 | I21: Ultra-low cost chatbots, SOP | J21: ⚠️ Not directly verifiable on official site
A22: Anthropic | B22: Claude Opus | C22: 5 | D22: 25 | E22: =$H$5/10^6 -> 0.325 | F22: =$H$6/10^6 -> 3.25 | G22: =(C22*E22)+(D22*F22) -> 82.875 | H22: =G22*$B$8 -> 7541.625 | I22: Deep reasoning, legal, pharma | J22: ⚠️ Older naming (see Opus 4.x)
A23: DeepSeek | B23: DeepSeek V3 | C23: 0.14 | D23: 0.28 | E23: =$H$5/10^6 -> 0.325 | F23: =$H$6/10^6 -> 3.25 | G23: =(C23*E23)+(D23*F23) -> 0.9555 | H23: =G23*$B$8 -> 86.9505 | I23: Low-cost high-quality chat | J23: ⚠️ Not from official site
... A30: Mistral | B30: Mistral Medium | C30: 0.4 | D30: 2 | E30: =$H$5/10^6 -> 0.325 | F30: =$H$6/10^6 -> 3.25 | G30: =(C30*E30)+(D30*F30) -> 6.63 | H30: =G30*$B$8 -> 603.33 | I30: Balanced enterprise workloads | J30: ⚠️ Approx

Sheet Sheet1
A2: LLM Co | B2: Model | C2: Input $/1M | D2: Output $/1M | E2: Input Tokens (Mn) | F2: Output Tokens (Mn) | G2: USD Cost | H2: INR / PM
A3: Alibaba | B3: Qwen 2.5 | C3: 0.1 | D3: 0.15 | E3: ='LLM Calc'!$H$5/10^6 -> 0.325 | F3: ='LLM Calc'!$H$6/10^6 -> 3.25 | G3: =(C3*E3)+(D3*F3) -> 0.52 | H3: =G3*'LLM Calc'!$B$8 -> 47.32
A4: Anthropic | B4: Claude Opus | C4: 5 | D4: 25 | E4: ='LLM Calc'!$H$5/10^6 -> 0.325 | F4: ='LLM Calc'!$H$6/10^6 -> 3.25 | G4: =(C4*E4)+(D4*F4) -> 82.875 | H4: =G4*'LLM Calc'!$B$8 -> 7541.625
A5: DeepSeek | B5: DeepSeek V3 | C5: 0.14 | D5: 0.28 | E5: ='LLM Calc'!$H$5/10^6 -> 0.325 | F5: ='LLM Calc'!$H$6/10^6 -> 3.25 | G5: =(C5*E5)+(D5*F5) -> 0.9555 | H5: =G5*'LLM Calc'!$B$8 -> 86.9505
A6: Google | B6: Gemini 2.5 Flash | C6: 0.3 | D6: 2.5 | E6: ='LLM Calc'!$H$5/10^6 -> 0.325 | F6: ='LLM Calc'!$H$6/10^6 -> 3.25 | G6: =(C6*E6)+(D6*F6) -> 8.2225 | H6: =G6*'LLM Calc'!$B$8 -> 748.2475
A7: Google | B7: Gemini 2.5 Pro | C7: 1.25 | D7: 10 | E7: ='LLM Calc'!$H$5/10^6 -> 0.325 | F7: ='LLM Calc'!$H$6/10^6 -> 3.25 | G7: =(C7*E7)+(D7*F7) -> 32.90625 | H7: =G7*'LLM Calc'!$B$8 -> 2994.4688
A8: Meta | B8: LLaMA 3 70B | C8: 0.58 | D8: 0.71 | E8: ='LLM Calc'!$H$5/10^6 -> 0.325 | F8: ='LLM Calc'!$H$6/10^6 -> 3.25 | G8: =(C8*E8)+(D8*F8) -> 2.496 | H8: =G8*'LLM Calc'!$B$8 -> 227.136
A9: Mistral | B9: Mixtral 8x7B | C9: 0.14 | D9: 0.42 | E9: ='LLM Calc'!$H$5/10^6 -> 0.325 | F9: ='LLM Calc'!$H$6/10^6 -> 3.25 | G9: =(C9*E9)+(D9*F9) -> 1.4105 | H9: =G9*'LLM Calc'!$B$8 -> 128.3555
A10: Mistral | B10: Mistral Medium | C10: 0.4 | D10: 2 | E10: ='LLM Calc'!$H$5/10^6 -> 0.325 | F10: ='LLM Calc'!$H$6/10^6 -> 3.25 | G10: =(C10*E10)+(D10*F10) -> 6.63 | H10: =G10*'LLM Calc'!$B$8 -> 603.33
A11: OpenAI | B11: GPT-4o Mini | C11: 0.15 | D11: 0.6 | E11: ='LLM Calc'!$H$5/10^6 -> 0.325 | F11: ='LLM Calc'!$H$6/10^6 -> 3.25 | G11: =(C11*E11)+(D11*F11) -> 1.99875 | H11: =G11*'LLM Calc'!$B$8 -> 181.88625
A12: OpenAI | B12: GPT-5 | C12: 1.75 | D12: 14 | E12: ='LLM Calc'!$H$5/10^6 -> 0.325 | F12: ='LLM Calc'!$H$6/10^6 -> 3.25 | G12: =(C12*E12)+(D12*F12) -> 46.06875 | H12: =G12*'LLM Calc'!$B$8 -> 4192.2563
A16: LLM Co | B16: Model | C16: Input $/1M | D16: Output $/1M
A17: Alibaba | B17: Qwen 2.5 | C17: 0.1 | D17: 0.15
A18: Anthropic | B18: Claude Opus | C18: 5 | D18: 25
A19: DeepSeek | B19: DeepSeek V3 | C19: 0.14 | D19: 0.28
A20: Google | B20: Gemini 1.5 Flash | C20: 0.2 | D20: 0.8
A21: Google | B21: Gemini 2.5 Flash | C21: 0.3 | D21: 2.5
A22: Google | B22: Gemini 2.5 Pro | C22: 1.25 | D22: 10
A23: Google | B23: Gemini 3.1 Flash Lite | C23: 0.25 | D23: 1.5
A24: Meta | B24: LLaMA 3 70B | C24: 0.58 | D24: 0.71
A25: Mistral | B25: Mixtral 8x7B | C25: 0.14 | D25: 0.42
A26: Mistral | B26: Mistral Medium | C26: 0.4 | D26: 2
A27: OpenAI | B27: GPT-4o Mini | C27: 0.15 | D27: 0.6
A28: OpenAI | B28: GPT-4o | C28: 2.5 | D28: 10
... A35: Anthropic | B35: Claude Opus 4.6 | C35: 5 | D35: 25
